{
    "human_policy": {
        "average_reward": -109.32506483736809,
        "all_rewards": [
            -167.65083193902151,
            -33.55016592831039,
            -105.91219935128743,
            -119.09465352140302,
            -345.0041916286925,
            -326.7832093541962,
            -117.14459512126884,
            -22.1047361792631,
            -121.79828433688625,
            -70.23485393915138,
            -237.25144838047243,
            69.27953235026078,
            -387.4781057447955,
            43.52731477461157,
            269.3068125451939,
            165.679645516635,
            14.08452381215534,
            -35.7002195467866,
            -20.83567201296745,
            -72.46776953066477,
            -253.77880117998293,
            -299.9353717760275,
            -79.86218160977899,
            -7.143905005359258,
            -144.30146058724446,
            -88.7410442267207,
            -144.36830624220977,
            -150.38596675704042,
            -299.218636759781,
            -30.91061328263038,
            -88.19361984482653,
            6.70129868233164,
            2.438716892657567,
            -13.88396727032162,
            -47.336770239140236,
            -96.8039424014488,
            -96.2741248457383,
            -94.15523457166402,
            -162.97073537818665,
            -331.4901926624053,
            -191.7719073552197,
            -111.08499995627933,
            -47.56780938170678,
            -124.05440550139033,
            -158.94472306915878,
            -38.75913700976149,
            -249.3961078369443,
            -19.237786512764416,
            -57.62395546454965,
            -255.04468426065225,
            -280.3448237755164
        ]
    }
}