{
    "learned_policy": {
        "average_reward": 185.2990864072018,
        "average_duration": 597.57,
        "all_rewards": [
            216.0781318539923,
            241.25644269965903,
            198.36246089970842,
            237.2472570208747,
            167.69949427485463,
            212.31551345660336,
            229.31547265695156,
            210.9933494733817,
            243.8380328890028,
            71.74191691304384,
            222.4857775765471,
            232.74702330894453,
            215.47417990371275,
            235.88452970413368,
            121.20984510287552,
            218.40526562796083,
            130.74666516249155,
            168.45698358072536,
            92.87149637470272,
            75.26476614608522,
            252.47518683334778,
            67.44614299878046,
            200.11672325759764,
            251.1128395997689,
            38.04109558046247,
            66.30922278152302,
            200.24969525313466,
            243.23042587394852,
            227.0624802378954,
            86.56326511329378,
            191.15659429203407,
            170.01537750256762,
            246.66613750847586,
            208.25783129665254,
            176.59116296434638,
            214.11981036600383,
            111.75810486444564,
            215.2614582112352,
            212.90805834709627,
            216.78676599348356,
            241.71126138121275,
            225.60287976269927,
            224.31856010568063,
            241.74501473744058,
            238.45705620123508,
            203.1601053261449,
            240.01159529941,
            235.4159831582283,
            271.7983077999987,
            74.69264940678168,
            199.1281580854665,
            118.2710091594961,
            218.34570274006438,
            25.13272178632516,
            251.68147904737796,
            221.61708825258347,
            224.28539007141524,
            174.2029322483308,
            241.2529217556177,
            98.03282309555436,
            249.6342393682861,
            81.50300218519013,
            260.5414701636307,
            68.0253869694051,
            154.45672451591227,
            107.67999425823618,
            180.9481540162322,
            214.7492932306037,
            250.7465107907838,
            78.04434566316554,
            186.02154542752967,
            124.64179310643968,
            231.4920416811006,
            90.73905774998579,
            217.77337512709693,
            195.7531581779376,
            142.8341345928759,
            121.90793352029623,
            220.2676981209428,
            211.83541746830724,
            260.460274999229,
            162.51677790383388,
            135.52288006269967,
            178.71698209827665,
            231.22247624340108,
            261.21130466728334,
            219.06838773843901,
            195.8066410922164,
            250.87753618365713,
            113.84084790732572,
            252.41899533490616,
            214.37204336545773,
            104.37628155499492,
            72.743922460368,
            169.44666881489147,
            239.86558810314875,
            51.65179860343765,
            274.8197444792428,
            209.31466407260416,
            234.67292597739362
        ],
        "all_durations": [
            348,
            331,
            644,
            267,
            819,
            514,
            315,
            468,
            251,
            1000,
            410,
            491,
            442,
            372,
            1000,
            344,
            1000,
            811,
            1000,
            1000,
            325,
            1000,
            409,
            379,
            1000,
            1000,
            577,
            245,
            511,
            1000,
            662,
            750,
            360,
            465,
            672,
            616,
            1000,
            260,
            482,
            312,
            304,
            478,
            467,
            373,
            281,
            569,
            360,
            329,
            351,
            1000,
            578,
            1000,
            436,
            1000,
            295,
            271,
            316,
            553,
            365,
            1000,
            355,
            1000,
            242,
            1000,
            706,
            1000,
            600,
            467,
            302,
            1000,
            743,
            1000,
            455,
            1000,
            560,
            613,
            1000,
            1000,
            317,
            473,
            256,
            767,
            1000,
            591,
            372,
            302,
            488,
            579,
            304,
            1000,
            268,
            355,
            1000,
            1000,
            768,
            327,
            1000,
            318,
            658,
            393
        ]
    },
    "random_policy": {
        "average_reward": -190.2802682995541,
        "average_duration": 91.25,